Basic-Block,gen[B],kill[B],in[B],out[B]
B0,D1,D34,,D1
B1,,,D1,D1
B2,D2;D3,D11;D15;D20;D4;D51,D1,D1;D2;D3
B3,,,D1,D1
B4,,,D1,D1
B5,D4,D11;D15;D3;D51,D1,D1;D4
B6,D5,D12;D16;D21;D52,D1;D4,D1;D4;D5
B7,,,D1;D4;D5,D1;D4;D5
B8,,,D1;D4;D5,D1;D4;D5
B9,,,D1;D4;D5,D1;D4;D5
B10,D6;D7,D10;D13;D14;D35;D38;D39;D42;D45;D46;D8;D9,D1;D4;D5,D1;D4;D5;D6;D7
B11,,,D1;D4;D5;D6;D7;D8,D1;D4;D5;D6;D7;D8
B12,D8,D7,D1;D4;D5;D6;D7;D8,D1;D4;D5;D6;D8
B13,D9,D10;D13;D14;D35;D38;D39;D42;D45;D46;D6,D1;D4;D5;D6;D8,D1;D4;D5;D8;D9
B14,D10,D13;D14;D35;D38;D39;D42;D45;D46;D6;D9,D1;D4;D5;D8;D9,D1;D10;D4;D5;D8
B15,,,D1;D10;D4;D5;D8;D9,D1;D10;D4;D5;D8;D9
B16,,,D1;D10;D4;D5;D8,D1;D10;D4;D5;D8
B17,D11,D15;D3;D4;D51,D1;D10;D4;D5;D8,D1;D10;D11;D5;D8
B18,D12,D16;D21;D5;D52,D1;D10;D11;D5;D8,D1;D10;D11;D12;D8
B19,,,D1;D10;D11;D12;D5;D8,D1;D10;D11;D12;D5;D8
B20,,,,
B21,,,,
B22,,,,
B23,,,,
B24,D13,D10;D14;D35;D38;D39;D42;D45;D46;D6;D9,,D13
B25,D14,D10;D13;D35;D38;D39;D42;D45;D46;D6;D9,D13;D14,D14
B26,,,D14,D14
B27,,,,
B28,,,,
B29,D15,D11;D3;D4;D51,,D15
B30,D16,D12;D21;D5;D52,D15,D15;D16
B31,,,D15;D16,D15;D16
B32,,,D15;D16,D15;D16
B33,D17,D18;D19,D15;D16,D15;D16;D17
B34,D18,D17;D19,D15;D16,D15;D16;D18
B35,D19;D20;D21,D12;D16;D17;D18;D2;D5;D52,,D19;D20;D21
B36,,,,
B37,,,,
B38,,,,
B39,,,,
B40,,,,
B41,,,,
B42,,,,
B43,,,,
B44,D22;D23,,,D22;D23
B45,,,,
B46,,,,
B47,,,,
B48,,,,
B49,,,,
B50,,,,
B51,,,,
B52,D24,,,D24
B53,,,D24,D24
B54,D25;D26,D28,D24,D24;D25;D26
B55,D27,D31;D33,D24;D25;D26,D24;D25;D26;D27
B56,D28,D26,D24;D25;D26;D27,D24;D25;D27;D28
B57,,,D24;D25;D26;D27;D28,D24;D25;D26;D27;D28
B58,,,D24;D25;D26;D27;D28,D24;D25;D26;D27;D28
B59,D29;D30;D31,D27;D33,D24;D25;D26;D27;D28,D24;D25;D26;D28;D29;D30;D31
B60,D32,,D24;D25;D26;D27;D28;D29;D30;D31,D24;D25;D26;D27;D28;D29;D30;D31;D32
B61,,,D24;D25;D26;D27;D28;D29;D30;D31;D32,D24;D25;D26;D27;D28;D29;D30;D31;D32
B62,D33,D27;D31,D24;D25;D26;D27;D28;D29;D30;D31;D32,D24;D25;D26;D28;D29;D30;D32;D33
B63,,,D24;D25;D26;D28;D29;D30;D32;D33,D24;D25;D26;D28;D29;D30;D32;D33
B64,,,D24;D25;D26;D28;D29;D30;D32;D33,D24;D25;D26;D28;D29;D30;D32;D33
B65,,,D24;D25;D26;D28;D29;D30;D32;D33;D34,D24;D25;D26;D28;D29;D30;D32;D33;D34
B66,D34,D1,D24;D25;D26;D28;D29;D30;D32;D33;D34,D24;D25;D26;D28;D29;D30;D32;D33;D34
B67,,,D24;D25;D26;D28;D29;D30;D32;D33;D34,D24;D25;D26;D28;D29;D30;D32;D33;D34
B68,,,D24;D25;D26;D28;D29;D30;D32;D33;D34,D24;D25;D26;D28;D29;D30;D32;D33;D34
B69,D35;D36,D10;D13;D14;D37;D38;D39;D40;D41;D42;D45;D46;D59;D6;D9,D24;D25;D26;D28;D29;D30;D32;D33;D34,D24;D25;D26;D28;D29;D30;D32;D33;D34;D35;D36
B70,,,D24;D25;D26;D28;D29;D30;D32;D33;D34;D35;D36,D24;D25;D26;D28;D29;D30;D32;D33;D34;D35;D36
B71,,,D24;D25;D26;D28;D29;D30;D32;D33;D34;D35;D36,D24;D25;D26;D28;D29;D30;D32;D33;D34;D35;D36
B72,D37;D39,D10;D13;D14;D35;D36;D38;D40;D41;D42;D45;D46;D59;D6;D9,D24;D25;D26;D28;D29;D30;D32;D33;D34;D35;D36,D24;D25;D26;D28;D29;D30;D32;D33;D34;D37;D39
B73,,,D24;D25;D26;D28;D29;D30;D32;D33;D34;D35;D36;D37;D39,D24;D25;D26;D28;D29;D30;D32;D33;D34;D35;D36;D37;D39
B74,D40,D36;D37;D41;D59,D24;D25;D26;D28;D29;D30;D32;D33;D34;D35;D36;D37;D39,D24;D25;D26;D28;D29;D30;D32;D33;D34;D35;D39;D40
B75,D41,D36;D37;D40;D59,D24;D25;D26;D28;D29;D30;D32;D33;D34;D35;D36;D37;D39;D40;D41,D24;D25;D26;D28;D29;D30;D32;D33;D34;D35;D39;D41
B76,,,D24;D25;D26;D28;D29;D30;D32;D33;D34;D35;D39;D41,D24;D25;D26;D28;D29;D30;D32;D33;D34;D35;D39;D41
B77,D42;D43,D10;D13;D14;D35;D38;D39;D44;D45;D46;D47;D48;D6;D60;D9,,D42;D43
B78,,,D42;D43,D42;D43
B79,,,D42;D43,D42;D43
B80,D44;D46,D10;D13;D14;D35;D38;D39;D42;D43;D45;D47;D48;D6;D60;D9,D42;D43,D44;D46
B81,,,D42;D43;D44;D46,D42;D43;D44;D46
B82,D47,D43;D44;D48;D60,D42;D43;D44;D46,D42;D46;D47
B83,D48,D43;D44;D47;D60,D42;D43;D44;D46;D47;D48,D42;D46;D48
B84,,,D42;D46;D48,D42;D46;D48
B85,,,,
B86,,,,
B87,,,,
B88,,,,
B89,,,,
B90,,,,
B91,D49;D50;D51;D52,D11;D12;D15;D16;D21;D3;D4;D5;D53;D55;D56;D58;D63;D64,,D49;D50;D51;D52
B92,,,,
B93,,,,
B94,D53,D50;D55;D56;D58;D63;D64,,D53
B95,,,D53,D53
B96,,,D53,D53
B97,,,D53,D53
B98,,,D53,D53
B99,D54,,D53;D54,D53;D54
B100,,,D53;D54,D53;D54
B101,,,D53;D54,D53;D54
B102,,,D53;D54,D53;D54
B103,D55,D50;D53;D56;D58;D63;D64,D53;D54,D54;D55
B104,,,D54;D55,D54;D55
B105,D56,D50;D53;D55;D58;D63;D64,D54;D55,D54;D56
B106,,,D54;D56,D54;D56
B107,,,D54;D56,D54;D56
B108,D57,,D54;D56,D54;D56;D57
B109,,,D54;D56;D57,D54;D56;D57
B110,,,D54;D56;D57,D54;D56;D57
B111,,,D54;D56;D57,D54;D56;D57
B112,,,D54;D56;D57,D54;D56;D57
B113,D58,D50;D53;D55;D56;D63;D64,D54;D56;D57,D54;D57;D58
B114,,,D54;D56;D57;D58,D54;D56;D57;D58
B115,D59;D60,D36;D37;D40;D41;D43;D44;D47;D48,D54;D56;D57;D58,D54;D56;D57;D58;D59;D60
B116,,,D54;D56;D57;D58;D59;D60,D54;D56;D57;D58;D59;D60
B117,,,D54;D56;D57;D58;D59;D60,D54;D56;D57;D58;D59;D60
B118,,,D54;D56;D57;D58;D59;D60,D54;D56;D57;D58;D59;D60
B119,,,D54;D56;D57;D58;D59;D60,D54;D56;D57;D58;D59;D60
B120,D61,D62,D54;D56;D57;D58;D59;D60,D54;D56;D57;D58;D59;D60;D61
B121,,,D54;D56;D57;D58;D59;D60;D61,D54;D56;D57;D58;D59;D60;D61
B122,,,D54;D56;D57;D58;D59;D60;D61,D54;D56;D57;D58;D59;D60;D61
B123,,,D54;D56;D57;D58;D59;D60;D61,D54;D56;D57;D58;D59;D60;D61
B124,,,D54;D56;D57;D58;D59;D60;D61,D54;D56;D57;D58;D59;D60;D61
B125,D62,D61,D54;D56;D57;D58;D59;D60;D61,D54;D56;D57;D58;D59;D60;D62
B126,,,D54;D56;D57;D58;D59;D60;D61;D62,D54;D56;D57;D58;D59;D60;D61;D62
B127,,,D54;D56;D57;D58;D59;D60;D61;D62,D54;D56;D57;D58;D59;D60;D61;D62
B128,D64,D50;D53;D55;D56;D58;D63,D54;D56;D57;D58;D59;D60;D61;D62,D54;D57;D59;D60;D61;D62;D64
B129,,,,
